DESCRIPCIÓN,CÓDIGO,PRECIO,EAATA - OBD FUTURE,NTDD - NEW DIGITAL DIESEL TECHNOLOGY,GESTIÓ MOTOR -  CLEMAP,MAXI AUTOMOTIVE - CISE,VICENTE SOLUCIONES ELECTRÓNICAS,RECAMBIOS AIRCRAG,TECNOCAR - AG TECHNOLOGY,ROMERAL - DAVID HINOJOSA,INTECNO DIGITEC,LEO - LEONARDO RAMIRO GUERRA
,,,B87967972,B31758329,J25769563,B67612176,B98231392,A43096023,B06812143,74907392A,B02725984,B93602019
USB HASP KEY for RACE EVO   and DS MANAGER,C03RK005,150.00,20.00%,0.00%,0.00%,30.00%,0.00%,20.00%,0.00%,0.00%,20.00%,30.00%
RACE EVO STANDARD SOFTWARE VERSION  ,K03R8002ES,150.00,30.00%,0.00%,0.00%,100.00%,0.00%,20.00%,0.00%,0.00%,20.00%,30.00%
RACE EVO PLUS UPGRADE  ,V03UP012,1000.00,30.00%,0.00%,0.00%,30.00%,0.00%,20.00%,0.00%,0.00%,20.00%,30.00%
RACE EVO FULL UPGRADE   ,V03UP016,700.00,30.00%,0.00%,0.00%,30.00%,0.00%,20.00%,0.00%,0.00%,20.00%,30.00%
RACE EVO SERVER UPGRADE,V03UP017,500.00,30.00%,0.00%,0.00%,30.00%,0.00%,20.00%,0.00%,0.00%,20.00%,30.00%
SOFTWARE LICENSE  ,V03R8100_L,500.00,0.00%,0.00%,0.00%,0.00%,0.00%,0.00%,0.00%,0.00%,0.00%,0.00%
ADDITIONAL SOFTWARE LICENSE - RACE EVO STANDARD  ,K03R8002ES_AG,150.00,30.00%,0.00%,0.00%,20.00%,0.00%,20.00%,0.00%,0.00%,20.00%,30.00%
ADDITIONAL SOFTWARE LICENSE - RACE EVO PLUS  ,K03R8002EP_AG,750.00,30.00%,0.00%,0.00%,20.00%,0.00%,20.00%,0.00%,0.00%,20.00%,30.00%
ADDITIONAL SOFTWARE LICENSE - RACE EVO FULL  ,K03R8002EPF_AG,1150.00,30.00%,0.00%,0.00%,20.00%,0.00%,20.00%,0.00%,0.00%,20.00%,30.00%
DS MANAGER SOFTWARE LICENSE  ,V03DSM00_L,500.00,0.00%,0.00%,0.00%,0.00%,0.00%,0.00%,0.00%,0.00%,0.00%,0.00%
CHECKSUM RECALCULATION MODULES FOR RACE EVO AND DS MANAGER,V03CKALL01,2990.00,30.00%,0.00%,0.00%,30.00%,0.00%,20.00%,0.00%,0.00%,20.00%,30.00%
SPECIFIC CHECKSUM MODULE,V03CK-SING,330.00,30.00%,0.00%,0.00%,30.00%,0.00%,20.00%,0.00%,0.00%,20.00%,30.00%
300 CREDITS FOR SETTING FILES AND OPTIONS FILES,V03CR001,300.00,30.00%,0.00%,0.00%,30.00%,0.00%,20.00%,0.00%,0.00%,20.00%,30.00%
600 CREDITS FOR SETTING FILES AND OPTIONS FILES,V03CR005,550.00,30.00%,0.00%,0.00%,30.00%,0.00%,20.00%,0.00%,0.00%,20.00%,30.00%
1200 CREDITS FOR SETTING FILES AND OPTIONS FILES,V03CR006,950.00,30.00%,0.00%,0.00%,30.00%,0.00%,20.00%,0.00%,0.00%,20.00%,30.00%
3000 CREDITS FOR SETTING FILES AND OPTIONS FILES,V03CR007,1800.00,30.00%,0.00%,0.00%,30.00%,0.00%,20.00%,0.00%,0.00%,20.00%,30.00%
TRUCK/LCV/TRACTOR SETTING FILES                                                                                                             ,V03TIRABBX,1990.00,30.00%,0.00%,0.00%,20.00%,0.00%,20.00%,0.00%,0.00%,20.00%,30.00%
1 DAY TRAINING SEMINAR,V04CF005,500.00,0.00%,0.00%,0.00%,0.00%,0.00%,0.00%,0.00%,0.00%,0.00%,0.00%
2 DAYS TRAINING SEMINAR  ,V04CF001,1000.00,0.00%,0.00%,0.00%,0.00%,0.00%,0.00%,0.00%,0.00%,0.00%,0.00%
3 DAYS TRAINING SEMINAR  ,V04CF002,1500.00,0.00%,0.00%,0.00%,0.00%,0.00%,0.00%,0.00%,0.00%,0.00%,0.00%
ONLINE TRAINING SEMINAR - 4 HOURS,V04CF007,250.00,0.00%,0.00%,0.00%,0.00%,0.00%,0.00%,0.00%,0.00%,0.00%,0.00%
TOP TUNER GLOBAL SUBSCRIPTION FOR SINGLE VEHICLE CATEGORY  ,AV-ALL1YTT,1500.00,30.00%,40.00%,0.00%,30.00%,0.00%,20.00%,0.00%,0.00%,20.00%,30.00%
TOP TUNER GLOBAL SUBSCRIPTION FOR MULTIPLE VEHICLE CATEGORIES  ,AV-ALL1YTTALL,2000.00,30.00%,40.00%,0.00%,30.00%,0.00%,20.00%,0.00%,0.00%,20.00%,30.00%
NEW GENIUS OBDII SERIAL READING/PROGRAMMING MASTER HARDWARE SET  ,KNEWGENIUSD,1600.00,30.00%,NO lo pueden comprar,NO lo pueden comprar,30.00%,0.00%,20.00%,0.00%,0.00%,20.00%,30.00%
,KNEWGENIUSD,1600.00,NO lo pueden comprar,20.00%,20.00%,NO lo pueden comprar,NO lo pueden comprar,NO lo pueden comprar,NO lo pueden comprar,NO lo pueden comprar,NO lo pueden comprar,NO lo pueden comprar
BIKE  - ALL BRANDS  ,AV3250001,1490.00,30.00%,0.00%,0.00%,30.00%,0.00%,20.00%,0.00%,0.00%,20.00%,30.00%
CAR/LCV/BIKE  - ALL BRANDS  ,AV3230001,2990.00,30.00%,0.00%,0.00%,30.00%,0.00%,20.00%,0.00%,0.00%,20.00%,30.00%
TRUCK/LCV  - ALL BRANDS  ,AV3240001,3990.00,30.00%,0.00%,0.00%,30.00%,0.00%,20.00%,0.00%,0.00%,20.00%,30.00%
TRACTOR  - ALL BRANDS  ,AV3260001,3990.00,30.00%,0.00%,0.00%,30.00%,0.00%,20.00%,0.00%,0.00%,20.00%,30.00%
MARINE  - ALL BRANDS  ,AV3270001,2990.00,30.00%,0.00%,0.00%,30.00%,0.00%,20.00%,0.00%,0.00%,20.00%,30.00%
CAR/LCV/BIKE/TRUCK  - ALL BRANDS  ,AV3230005,5990.00,30.00%,0.00%,0.00%,30.00%,0.00%,20.00%,0.00%,0.00%,20.00%,30.00%
CAR/LCV/BIKE/TRACTOR  - ALL BRANDS  ,AV3230007,5990.00,30.00%,0.00%,0.00%,30.00%,0.00%,20.00%,0.00%,0.00%,20.00%,30.00%
TRUCK/LCV/TRACTOR  - ALL BRANDS  ,AV3240005,5990.00,30.00%,0.00%,0.00%,30.00%,0.00%,20.00%,0.00%,0.00%,20.00%,30.00%
CAR/LCV/BIKE/TRUCK/TRACTOR/MARINE  - ALL BRANDS  ,AV3230006,6990.00,30.00%,0.00%,0.00%,30.00%,0.00%,20.00%,0.00%,0.00%,20.00%,30.00%
BIKES   NEW GENIUS MASTER SUBSCRIPTION  ,AV-ALL1YNGB,600.00,30.00%,0.00%,0.00%,30.00%,0.00%,20.00%,0.00%,0.00%,20.00%,30.00%
SINGLE CATEGORY   NEW GENIUS MASTER SUBSCRIPTION  ,AV-ALL1YNG,1000.00,30.00%,0.00%,0.00%,30.00%,0.00%,20.00%,0.00%,0.00%,20.00%,30.00%
MULTIPLE VEHICLES CATEGORY NEW GENIUS MASTER SUBSCRIPTION  ,AV-ALL1YNGALL,1500.00,30.00%,0.00%,0.00%,30.00%,0.00%,20.00%,0.00%,0.00%,20.00%,30.00%
NEW GENIUS MASTER TOOL LICENSE TRANSFER,V32R8100_L,300.00,30.00%,0.00%,0.00%,30.00%,0.00%,20.00%,0.00%,0.00%,20.00%,30.00%
NEW TRASDATA BDM/JTAG/BOOT/GPT READING/PROGRAMMING MASTER                                                                  HARDWARE SET                                                                                                    ,K34NT001-B,1000.00,30.00%,0.00%,0.00%,30.00%,0.00%,20.00%,0.00%,0.00%,20.00%,30.00%
INFINEON TRICORE/AURIX & ST MICROELECTRONICS ACTIVATION,AV34NTM-PATCH,900.00,30.00%,0.00%,0.00%,30.00%,0.00%,20.00%,0.00%,0.00%,20.00%,30.00%
MITSUBISHI MH7XXX/MH8XXXX ACTIVATION    ,AV34NTM04,500.00,30.00%,0.00%,0.00%,30.00%,0.00%,20.00%,0.00%,0.00%,20.00%,30.00%
MOTOROLA MPC55X/MPC56X ACTIVATION    ,AV34NTM01,500.00,30.00%,0.00%,0.00%,30.00%,0.00%,20.00%,0.00%,0.00%,20.00%,30.00%
MOTOROLA MC68XXX ACTIVATION   ,AV34NTM07,400.00,30.00%,0.00%,0.00%,30.00%,0.00%,20.00%,0.00%,0.00%,20.00%,30.00%
MOTOROLA HC12 ACTIVATION   ,AV34NTM08,500.00,30.00%,0.00%,0.00%,30.00%,0.00%,20.00%,0.00%,0.00%,20.00%,30.00%
NEXUS MOTOROLA MPC55XX ACTIVATION    ,AV34NTM02,600.00,30.00%,0.00%,0.00%,30.00%,0.00%,20.00%,0.00%,0.00%,20.00%,30.00%
RENESAS SH7050 ACTIVATION    ,AV34NTM03,500.00,30.00%,0.00%,0.00%,30.00%,0.00%,20.00%,0.00%,0.00%,20.00%,30.00%
RENESAS M32R ACTIVATION    ,AV34NTM09,500.00,30.00%,0.00%,0.00%,30.00%,0.00%,20.00%,0.00%,0.00%,20.00%,30.00%
NBD NEC 76F00xx ACTIVATION    ,AV34NTM11,700.00,30.00%,0.00%,0.00%,30.00%,0.00%,20.00%,0.00%,0.00%,20.00%,30.00%
FREESCALE ST MPC56xx-SPC56xx-SPC57xx & INFINEON AURIX ACTIVATION                                                                         ,AV34NTM12,900.00,30.00%,0.00%,0.00%,30.00%,0.00%,20.00%,0.00%,0.00%,20.00%,30.00%
BIKES CPUs ACTIVATIONS  MASTER,AV34NT001B,1000.00,30.00%,0.00%,0.00%,30.00%,0.00%,20.00%,0.00%,0.00%,20.00%,30.00%
COMPLETE PACKET OF CPUs ACTIVATIONS  MASTER,AV34NT001,2800.00,30.00%,0.00%,0.00%,30.00%,0.00%,20.00%,0.00%,0.00%,20.00%,30.00%
BIKES   NEW TRASDATA MASTER SUBSCRIPTION  ,AV3410001B,300.00,30.00%,0.00%,0.00%,30.00%,0.00%,20.00%,0.00%,0.00%,20.00%,30.00%
NEW TRASDATA MASTER SUBSCRIPTION FOR ALL CPU ALREADY ENABLED                            ,AV3410001,600.00,30.00%,0.00%,0.00%,30.00%,0.00%,20.00%,0.00%,0.00%,20.00%,30.00%
NEW TRASDATA MASTER TOOL LICENSE TRANSFER,V34R8100_L,300.00,0.00%,0.00%,0.00%,0.00%,0.00%,0.00%,0.00%,0.00%,0.00%,0.00%
NEW GENIUS OBDII SERIAL READING/PROGRAMMING SLAVE                                                                                                      HARDWARE SET  ,K99NFPG09D-HW,900.00,30.00%,NO lo pueden comprar,NO lo pueden comprar,30.00%,20.00%,20.00%,30.00%,30.00%,20.00%,30.00%
,K99NFPG09D-N-HW ,900.00,NO lo pueden comprar,40.00%,40.00%,NO lo pueden comprar,NO lo pueden comprar,NO lo pueden comprar,NO lo pueden comprar,NO lo pueden comprar,NO lo pueden comprar,NO lo pueden comprar
"BIKE PROTOCOLS, SLAVE  ",AV99NFPGB09-01,600.00,30.00%,40.00%,40.00%,30.00%,20.00%,20.00%,30.00%,30.00%,25.00%,30.00%
"CAR/BIKE/LIGHT COMM. VEHICLES PROTOCOLS, SLAVE  ",AV99NFPG09-01,1000.00,30.00%,40.00%,40.00%,30.00%,20.00%,20.00%,30.00%,30.00%,25.00%,30.00%
"TRUCK/LIGHT COMM. VEHICLES PROTOCOLS, SLAVE  ",AV99NFPGT09-00,1000.00,30.00%,40.00%,40.00%,30.00%,20.00%,20.00%,30.00%,30.00%,25.00%,30.00%
"TRACTOR PROTOCOLS, SLAVE  ",AV99NFPGA09-02,1000.00,30.00%,40.00%,40.00%,30.00%,20.00%,20.00%,30.00%,30.00%,25.00%,30.00%
"MARINE PROTOCOLS, SLAVE  ",AV99NFPGM09-00,1000.00,30.00%,40.00%,40.00%,30.00%,20.00%,20.00%,30.00%,30.00%,25.00%,30.00%
BIKE FLASH POINT DEALER SUBSCRIPTION  ,V99YFP001B,400.00,30.00%,40.00%,40.00%,30.00%,20.00%,20.00%,30.00%,30.00%,25.00%,30.00%
CAR/BIKE/LCV FLASH POINT DEALER SUBSCRIPTION  ,V99YFP001C,600.00,30.00%,40.00%,40.00%,30.00%,20.00%,20.00%,30.00%,30.00%,25.00%,30.00%
TRUCK/LCV FLASH POINT DEALER SUBSCRIPTION  ,V99YFP001T,600.00,30.00%,40.00%,40.00%,30.00%,20.00%,20.00%,30.00%,30.00%,25.00%,30.00%
TRACTOR - FLASH POINT DEALER SUBSCRIPTION  ,V99YFP001A,600.00,30.00%,40.00%,40.00%,30.00%,20.00%,20.00%,30.00%,30.00%,25.00%,30.00%
MARINE - FLASH POINT DEALER SUBSCRIPTION  ,V99YFP001M,600.00,30.00%,40.00%,40.00%,30.00%,20.00%,20.00%,30.00%,30.00%,25.00%,30.00%
MULTIPLE VEHICLE CATEGORIES FLASH POINT DEALER SUBSCRIPTION  ,V99YFP001Z,1000.00,30.00%,40.00%,40.00%,30.00%,20.00%,20.00%,30.00%,30.00%,25.00%,30.00%
NEW TRASDATA BDM/JTAG/BOOT/GPT READING/PROGRAMMING SLAVE                                                                                            HARDWARE SET                                                                                                    ,K99NT001-B,600.00,30.00%,40.00%,40.00%,30.00%,20.00%,20.00%,30.00%,30.00%,25.00%,30.00%
BIKE CPUs ACTIVATIONS SLAVE  ,AV99NT001B,600.00,30.00%,40.00%,40.00%,30.00%,20.00%,20.00%,30.00%,30.00%,25.00%,30.00%
COMPLETE PACKET OF CPUs ACTIVATIONS SLAVE  ,AV99NT001,1000.00,30.00%,40.00%,40.00%,30.00%,20.00%,20.00%,30.00%,30.00%,25.00%,30.00%
BIKES NEW TRASDATA SLAVE SUBSCRIPTION  ,AV9910001B,400.00,30.00%,40.00%,40.00%,30.00%,20.00%,20.00%,30.00%,30.00%,25.00%,30.00%
ALL VEHICLES CATEGORIES NEW TRASDATA SLAVE SUBSCRIPTION  ,AV9910001,600.00,30.00%,40.00%,40.00%,30.00%,20.00%,20.00%,30.00%,30.00%,25.00%,30.00%
MY GENIUS CONSOLE  ,KMYGENIUS_00,169.00,20.00%,20.00%,20.00%,20.00%,20.00%,20.00%,20.00%,20.00%,20.00%,20.00%
MY GENIUS - 1 RESET TO VIRGIN STATUS,V32MYGRES,100.00,20.00%,20.00%,20.00%,20.00%,20.00%,20.00%,20.00%,20.00%,20.00%,20.00%
MY GENIUS - BUNDLE OF 10 RESET TO VIRGIN STATUS,V32MYGRES_10,800.00,20.00%,20.00%,20.00%,20.00%,20.00%,20.00%,20.00%,20.00%,20.00%,20.00%
NEW GENIUS DONGLE,F32GN067,100.00,20.00%,25.00%,30.00%,20.00%,20.00%,20.00%,30.00%,30.00%,25.00%,30.00%
ACTIVATION FOR NEW GENIUS DONGLE,VXXGN067,100.00,20.00%,25.00%,30.00%,20.00%,20.00%,20.00%,30.00%,30.00%,25.00%,30.00%
UNIVERSAL WIRING FOR PIN-TO-PIN CONNECTIONS,F32GN011,30.00,20.00%,25.00%,30.00%,20.00%,20.00%,20.00%,30.00%,30.00%,20.00%,30.00%
STANDARD OBDII CONNECTOR FOR EURO5 BIKES WITH 12V ADDITIONAL WIRE,F32GN076,39.00,20.00%,25.00%,30.00%,20.00%,20.00%,20.00%,30.00%,30.00%,20.00%,30.00%
STANDARD OBDII CONNECTOR FOR EURO5 BIKES,F32GN078,39.00,20.00%,25.00%,30.00%,20.00%,20.00%,20.00%,30.00%,30.00%,20.00%,30.00%
BENELLI/CF MOTO 6 PIN DIAGNOSTIC CONNECTOR  ,F32GN075,39.00,20.00%,25.00%,30.00%,20.00%,20.00%,20.00%,30.00%,30.00%,20.00%,30.00%
BMW MOTORRAD DIAGNOSTIC CONNECTOR  ,F32GN046B,39.00,20.00%,25.00%,30.00%,20.00%,20.00%,20.00%,30.00%,30.00%,20.00%,30.00%
DUCATI/PIAGGIO/VESPA 3 PIN DIAGNOSTIC CONNECTOR FOR MARELLI ECUs,F32GN042B,39.00,20.00%,25.00%,30.00%,20.00%,20.00%,20.00%,30.00%,30.00%,20.00%,30.00%
DUCATI 4 PIN M3C CONNECTOR FOR SIEMENS/MELCO MITSUBISHI ECUs,F32GN048,39.00,20.00%,25.00%,30.00%,20.00%,20.00%,20.00%,30.00%,30.00%,20.00%,30.00%
HARLEY DAVIDSON 4 PIN DIAGNOSTIC CONNECTOR,F32GN061,39.00,20.00%,25.00%,30.00%,20.00%,20.00%,20.00%,30.00%,30.00%,20.00%,30.00%
HARLEY DAVIDSON 6 PIN DIAGNOSTIC CONNECTOR ,F32GN062,39.00,20.00%,25.00%,30.00%,20.00%,20.00%,20.00%,30.00%,30.00%,20.00%,30.00%
HONDA 4 PIN DIAGNOSTIC CONNECTOR,F32GN073,39.00,20.00%,25.00%,30.00%,20.00%,20.00%,20.00%,30.00%,30.00%,20.00%,30.00%
KTM 6 PIN DIAGNOSTIC CONNECTOR FOR KEIHIN ECUs,F32GN054,39.00,20.00%,25.00%,30.00%,20.00%,20.00%,20.00%,30.00%,30.00%,20.00%,30.00%
MV AGUSTA 4 PIN DIAGNOSTIC CONNECTOR  ,F32GN063,39.00,20.00%,25.00%,30.00%,20.00%,20.00%,20.00%,30.00%,30.00%,20.00%,30.00%
POLARIS 8 PIN DIAGNOSTIC CONNECTOR   ,F32GN072,39.00,20.00%,25.00%,30.00%,20.00%,20.00%,20.00%,30.00%,30.00%,20.00%,30.00%
ROTAX BRP 6 PIN DIAGNOSTIC CONNECTOR   ,F32GN071,39.00,20.00%,25.00%,30.00%,20.00%,20.00%,20.00%,30.00%,30.00%,20.00%,30.00%
YAMAHA 4 PIN DIAGNOSTIC CONNECTOR,F32GN077,39.00,20.00%,25.00%,30.00%,20.00%,20.00%,20.00%,30.00%,30.00%,20.00%,30.00%
YAMAHA 3 PIN DIAGNOSTIC CONNECTOR  ,F32GN066,39.00,20.00%,25.00%,30.00%,20.00%,20.00%,20.00%,30.00%,30.00%,20.00%,30.00%
CAR BAG - NEW SET OF WIRINGS AND CONNECTORS  ,K32CARALL/5,400.00,20.00%,25.00%,30.00%,20.00%,20.00%,20.00%,30.00%,30.00%,20.00%,30.00%
12V STANDARD OBDII CONNECTOR  ,F32GN024B,30.00,20.00%,25.00%,30.00%,20.00%,20.00%,20.00%,30.00%,30.00%,20.00%,30.00%
BMW: 20 PIN ROUND DIAGNOSTIC CONNECTOR,F32GN012,119.00,20.00%,25.00%,30.00%,20.00%,20.00%,20.00%,30.00%,30.00%,20.00%,30.00%
FCA  : 3 PIN DIAGNOSTIC CONNECTOR  ,F32GN023,69.00,20.00%,25.00%,30.00%,20.00%,20.00%,20.00%,30.00%,30.00%,20.00%,30.00%
FCA  : HYBRID BOSCH ME7 ECUs WIRING KIT    ,K32GNFAL,159.00,20.00%,25.00%,30.00%,20.00%,20.00%,20.00%,30.00%,30.00%,20.00%,30.00%
FCA  : SGW BYPASS,F32GN069,30.00,20.00%,25.00%,30.00%,20.00%,20.00%,20.00%,30.00%,30.00%,20.00%,30.00%
MERCEDES: 38 PIN ROUND DIAGNOSTIC CONNECTOR,F32GN014,119.00,20.00%,25.00%,30.00%,20.00%,20.00%,20.00%,30.00%,30.00%,20.00%,30.00%
MITSUBISHI: SPECIFIC OBDII CONNECTOR,F32GN045,89.00,20.00%,25.00%,30.00%,20.00%,20.00%,20.00%,30.00%,30.00%,20.00%,30.00%
PORSCHE: SPECIFIC OBDII CONNECTOR FOR VEHICLES PROVIDED WITH BOSCH M5.2.2,F32GN013,99.00,20.00%,25.00%,30.00%,20.00%,20.00%,20.00%,30.00%,30.00%,20.00%,30.00%
SUBARU: SPECIFIC OBDII CONNECTOR,F32GN044,89.00,20.00%,25.00%,30.00%,20.00%,20.00%,20.00%,30.00%,30.00%,20.00%,30.00%
TOYOTA/LEXUS/LOTUS: SPECIFIC OBDII CONNECTOR,F32GN052,30.00,20.00%,25.00%,30.00%,20.00%,20.00%,20.00%,30.00%,30.00%,20.00%,30.00%
VAG  : BOSCH EDC15 ECUs CONNECTOR  ,F32GN015,140.00,20.00%,25.00%,30.00%,20.00%,20.00%,20.00%,30.00%,30.00%,20.00%,30.00%
VOLVO: DOUBLE CAN OBDII CONNECTOR,F32GN065,99.00,20.00%,25.00%,30.00%,20.00%,20.00%,20.00%,30.00%,30.00%,20.00%,30.00%
DSG WIRINGS KIT FOR NEW GENIUS,K32DSG01,490.00,20.00%,25.00%,30.00%,20.00%,20.00%,20.00%,30.00%,30.00%,20.00%,30.00%
VAG  : DSG DQ250 20 PIN CONNECTOR,F32GN055,100.00,20.00%,25.00%,30.00%,20.00%,20.00%,20.00%,30.00%,30.00%,20.00%,30.00%
VAG  : DSG DQ500 16 PIN CONNECTOR,F32GN056,110.00,20.00%,25.00%,30.00%,20.00%,20.00%,20.00%,30.00%,30.00%,20.00%,30.00%
VAG  : DSG DQ200 25 PIN CONNECTOR,F32GN057,150.00,20.00%,25.00%,30.00%,20.00%,20.00%,20.00%,30.00%,30.00%,20.00%,30.00%
VAG  : DSG DL501 16 PIN CONNECTOR,F32GN058,130.00,20.00%,25.00%,30.00%,20.00%,20.00%,20.00%,30.00%,30.00%,20.00%,30.00%
VAG  : DSG VL381 16 PIN CONNECTOR,F32GN085,100.00,20.00%,25.00%,30.00%,20.00%,20.00%,20.00%,30.00%,30.00%,20.00%,30.00%
MARINE BAG - SET OF WIRINGS AND CONNECTORS  ,K32MARALL,750.00,20.00%,25.00%,30.00%,20.00%,20.00%,20.00%,30.00%,30.00%,20.00%,30.00%
STANDARD OBDII CONNECTOR  ,F32GN005,99.00,20.00%,25.00%,30.00%,20.00%,20.00%,20.00%,30.00%,30.00%,20.00%,30.00%
J1939 CNF2B DEUTSCH CONNECTOR TYPE 2,F32GN032B,60.00,20.00%,25.00%,30.00%,20.00%,20.00%,20.00%,30.00%,30.00%,20.00%,30.00%
J1939 CNF3 DEUTSCH CONNECTOR,F32GN033,60.00,20.00%,25.00%,30.00%,20.00%,20.00%,20.00%,30.00%,30.00%,20.00%,30.00%
J1939 CNF1 DEUTSCH CONNECTOR,F32GN031,60.00,20.00%,25.00%,30.00%,20.00%,20.00%,20.00%,30.00%,30.00%,20.00%,30.00%
AERMARINE 3 PIN DIAGNOSTIC CONNECTOR  ,F32GN042B,39.00,20.00%,25.00%,30.00%,20.00%,20.00%,20.00%,30.00%,30.00%,20.00%,30.00%
IVECO 30 PIN DIAGNOSTIC CONNECTOR ,F32GN018,99.00,20.00%,25.00%,30.00%,20.00%,20.00%,20.00%,30.00%,30.00%,20.00%,30.00%
VOLVO PENTA MARINE 16 PIN DIAGNOSTIC CONNECTOR,F32GN043,60.00,20.00%,25.00%,30.00%,20.00%,20.00%,20.00%,30.00%,30.00%,20.00%,30.00%
VOLVO PENTA MARINE HARNESS WITH DIAGN. CONNECTOR + LUCAS ECU CONNECTOR,F32GN004,169.00,20.00%,25.00%,30.00%,20.00%,20.00%,20.00%,30.00%,30.00%,20.00%,30.00%
"VOLVO PENTA MARINE SPECIFIC OBDII CONNECTOR, TRW SYSTEMS",F32GN006,119.00,20.00%,25.00%,30.00%,20.00%,20.00%,20.00%,30.00%,30.00%,20.00%,30.00%
SCANIA 16 PIN DIAGNOSTIC CONNECTOR,F32GN020,69.00,20.00%,25.00%,30.00%,20.00%,20.00%,20.00%,30.00%,30.00%,20.00%,30.00%
VAG  : ECU CONNECTOR FOR BOSCH EDC15 ECUs  ,F32GN015,140.00,20.00%,25.00%,30.00%,20.00%,20.00%,20.00%,30.00%,30.00%,20.00%,30.00%
YANMAR MARINE CONNECTOR,F32GN070,39.00,20.00%,25.00%,30.00%,20.00%,20.00%,20.00%,30.00%,30.00%,20.00%,30.00%
TRACTOR BAG - SET OF WIRINGS AND CONNECTORS,K32AGRIALL/3,770.00,20.00%,25.00%,30.00%,20.00%,20.00%,20.00%,30.00%,30.00%,20.00%,30.00%
3 PIN PLUG POWER SUPPLY CABLE  ,F32GN081,45.00,20.00%,25.00%,30.00%,20.00%,20.00%,20.00%,30.00%,30.00%,20.00%,30.00%
STANDARD OBDII CONNECTOR  ,F32GN024B,99.00,20.00%,25.00%,30.00%,20.00%,20.00%,20.00%,30.00%,30.00%,20.00%,30.00%
"J1939 CNF2B TRACTOR, DEUTSCH CONNECTOR TYPE 2",F32GN032B,60.00,20.00%,25.00%,30.00%,20.00%,20.00%,20.00%,30.00%,30.00%,20.00%,30.00%
"J1939 CNF3 TRACTOR, DEUTSCH CONNECTOR TYPE 3",F32GN033,60.00,20.00%,25.00%,30.00%,20.00%,20.00%,20.00%,30.00%,30.00%,20.00%,30.00%
J1939 CNF4 DATA LINK STD CONNECTOR  ,F32GN034,75.00,20.00%,25.00%,30.00%,20.00%,20.00%,20.00%,30.00%,30.00%,20.00%,30.00%
J1939 ARGO-MASSEY FERGUSON CONNECTOR     ,F32GN083,75.00,20.00%,25.00%,30.00%,20.00%,20.00%,20.00%,30.00%,30.00%,20.00%,30.00%
DEUTZ/SAME 14 PIN DIAGNOSTIC CONNECTOR  ,F32GN035,55.00,20.00%,25.00%,30.00%,20.00%,20.00%,20.00%,30.00%,30.00%,20.00%,30.00%
DEUTZ/SAME 14 PIN DIAGNOSTIC CONNECTOR  ,F32GN064,55.00,20.00%,25.00%,30.00%,20.00%,20.00%,20.00%,30.00%,30.00%,20.00%,30.00%
DEUTZ/SAME 19 PIN DIAGNOSTIC CONNECTOR + EXTERNAL POWER SUPPLY CABLE,F32GN060,99.00,20.00%,25.00%,30.00%,20.00%,20.00%,20.00%,30.00%,30.00%,20.00%,30.00%
DEUTZ/SAME 19 PIN DIAGNOSTIC CONNECTOR + 3 PIN PLUG POWER SUPPLY F32GN081,F32GN060A,109.00,20.00%,25.00%,30.00%,20.00%,20.00%,20.00%,30.00%,30.00%,20.00%,30.00%
FENDT 4 PIN DIAGNOSTIC CONNECTOR  ,F32GN047,55.00,20.00%,25.00%,30.00%,20.00%,20.00%,20.00%,30.00%,30.00%,20.00%,30.00%
FENDT/MF 4 PIN DIAGNOSTIC CONNECTOR + EXTERNAL POWER SUPPLY CABLE,F32GN040,90.00,20.00%,25.00%,30.00%,20.00%,20.00%,20.00%,30.00%,30.00%,20.00%,30.00%
FENDT/MF 4 PIN DIAGNOSTIC CONNECTOR + 3 PIN PLUG POWER SUPPLY F32GN081,F32GN040A,100.00,20.00%,25.00%,30.00%,20.00%,20.00%,20.00%,30.00%,30.00%,20.00%,30.00%
FENDT/MF WIRING EXTENSION FOR ECU PROGRAMMING  ,F32GN040B,60.00,20.00%,25.00%,30.00%,20.00%,20.00%,20.00%,30.00%,30.00%,20.00%,30.00%
FENDT 12 PIN DIAGNOSTIC CONNECTOR,F32GN041,99.00,20.00%,25.00%,30.00%,20.00%,20.00%,20.00%,30.00%,30.00%,20.00%,30.00%
KUBOTA 4 PIN DIAGNOSTIC CONNECTOR + 3 PIN PLUG POWER SUPPLY F32GN081,F32GN082,100.00,20.00%,25.00%,30.00%,20.00%,20.00%,20.00%,30.00%,30.00%,20.00%,30.00%
MASSEY FERGUSON 16 PIN DIAGNOSTIC CONNECTOR,F32GN030,55.00,20.00%,25.00%,30.00%,20.00%,20.00%,20.00%,30.00%,30.00%,20.00%,30.00%
MERCEDES ENGINES SPECIFIC WIRING WITH OBDII CONNECTOR  ,F32GN051,390.00,20.00%,25.00%,30.00%,20.00%,20.00%,20.00%,30.00%,30.00%,20.00%,30.00%
VALTRA 8 PIN DIAGNOSTIC CONNECTOR,F32GN028,90.00,20.00%,25.00%,30.00%,20.00%,20.00%,20.00%,30.00%,30.00%,20.00%,30.00%
VALTRA 16 PIN DIAGNOSTIC CONNECTOR,F32GN029,55.00,20.00%,25.00%,30.00%,20.00%,20.00%,20.00%,30.00%,30.00%,20.00%,30.00%
TRUCK BAG - SET OF WIRINGS AND CONNECTORS  ,K32TRUCKALL/6,1600.00,20.00%,25.00%,30.00%,20.00%,20.00%,20.00%,30.00%,30.00%,20.00%,30.00%
STANDARD OBDII CONNECTOR  ,F32GN005,99.00,20.00%,25.00%,30.00%,20.00%,20.00%,20.00%,30.00%,30.00%,20.00%,30.00%
J1939 CNF1 DEUTSCH TRUCK 9 pin CONNECTOR,F32GN031,60.00,20.00%,25.00%,30.00%,20.00%,20.00%,20.00%,30.00%,30.00%,20.00%,30.00%
J1939 CNF4 DATA LINK STD CONNECTOR    ,F32GN034,75.00,20.00%,25.00%,30.00%,20.00%,20.00%,20.00%,30.00%,30.00%,20.00%,30.00%
J1939 CNF5 ATA LINK/DATA LINK/J1708 CONNECTOR,F32GN049,75.00,20.00%,25.00%,30.00%,20.00%,20.00%,20.00%,30.00%,30.00%,20.00%,30.00%
DAF 16 PIN DIAGNOSTIC CONNECTOR,F32GN019,89.00,20.00%,25.00%,30.00%,20.00%,20.00%,20.00%,30.00%,30.00%,20.00%,30.00%
IVECO TRUCK 30 PIN DIAGNOSTIC CONNECTOR ,F32GN018,129.00,20.00%,25.00%,30.00%,20.00%,20.00%,20.00%,30.00%,30.00%,20.00%,30.00%
IVECO LCV 38 PIN DIAGNOSTIC CONNECTOR,F32GN017,129.00,20.00%,25.00%,30.00%,20.00%,20.00%,20.00%,30.00%,30.00%,20.00%,30.00%
MAN 37 PIN DIAGNOSTIC CONNECTOR,F32GN025,70.00,20.00%,25.00%,30.00%,20.00%,20.00%,20.00%,30.00%,30.00%,20.00%,30.00%
MAN 12 PIN DIAGNOSTIC CONNECTOR,F32GN026,99.00,20.00%,25.00%,30.00%,20.00%,20.00%,20.00%,30.00%,30.00%,20.00%,30.00%
MERCEDES LCV 14 PIN DIAGNOSTIC CONNECTOR,F32GN010,99.00,20.00%,25.00%,30.00%,20.00%,20.00%,20.00%,30.00%,30.00%,20.00%,30.00%
MERCEDES TRUCK SPECIFIC OBDII CONNECTOR ,F32GN051,390.00,20.00%,25.00%,30.00%,20.00%,20.00%,20.00%,30.00%,30.00%,20.00%,30.00%
MERCEDES TRUCK HARDWARE EXTENSION TO ECU CONNECTOR    ,F32GN053,150.00,20.00%,25.00%,30.00%,20.00%,20.00%,20.00%,30.00%,30.00%,20.00%,30.00%
RENAULT TRUCK DIAGNOSTIC CONNECTOR,F32GN009,99.00,20.00%,25.00%,30.00%,20.00%,20.00%,20.00%,30.00%,30.00%,20.00%,30.00%
SCANIA 16 PIN DIAGNOSTIC CONNECTOR,F32GN020,69.00,20.00%,25.00%,30.00%,20.00%,20.00%,20.00%,30.00%,30.00%,20.00%,30.00%
VOLKSWAGEN TRUCK/FORD TRUCK SPECIFIC OBDII CONNECTOR,F32GN027,45.00,20.00%,25.00%,30.00%,20.00%,20.00%,20.00%,30.00%,30.00%,20.00%,30.00%
VOLVO TRUCK  /VOLVO PENTA 16 PIN DIAGN. CONNECTOR,F32GN043,60.00,20.00%,25.00%,30.00%,20.00%,20.00%,20.00%,30.00%,30.00%,20.00%,30.00%
VOLVO TRUCK 8 PIN DIAGNOSTIC CONNECTOR + LUCAS ECU OBDII CONNECTOR,F32GN004,169.00,20.00%,25.00%,30.00%,20.00%,20.00%,20.00%,30.00%,30.00%,20.00%,30.00%
"VOLVO TRUCK/RENAULT TRUCK SPECIFIC OBDII CONNECTOR, TRW SYSTEMS",F32GN006,119.00,20.00%,25.00%,30.00%,20.00%,20.00%,20.00%,30.00%,30.00%,20.00%,30.00%
E-GPT WIRING KIT                                                                                     F34NTA22 / F34NTA22-S1 / F34NTA22-S2 / F34NTA22-S3 / F34NTA22-S5 / F34NTA22-S6,K34NTA22-B,189.00,20.00%,25.00%,30.00%,20.00%,20.00%,20.00%,30.00%,30.00%,20.00%,30.00%
E-GPT INTEGRATIVE WIRING KIT FOR BOSCH EDC7 SYSTEMS                                         F34NTA22-S7 / F34NTA22-S8  ,K34NTA22-T,45.00,20.00%,25.00%,30.00%,20.00%,20.00%,20.00%,30.00%,30.00%,20.00%,30.00%
D-SUB15 WIRING KIT FOR BOOT CONNECTION                                                                           F32GN037-D / F32GN037-D-S1 / F32GN037-D-S2,K32GN037-D,65.00,20.00%,25.00%,30.00%,20.00%,20.00%,20.00%,30.00%,30.00%,20.00%,30.00%
D-SUB15 INTEGRATIVE WIRINGS FOR BOOT READING/PROGR.  ,K32GN037-D-INT,40.00,20.00%,25.00%,30.00%,20.00%,20.00%,20.00%,30.00%,30.00%,20.00%,30.00%
CONTINENTAL-SIEMENS MCM2.1 TC1797   - WIRING WITH ECU CONNECTOR  ,F34NTA19,110.00,20.00%,25.00%,30.00%,20.00%,20.00%,20.00%,30.00%,30.00%,20.00%,30.00%
CONTINENTAL-TEMIC ACM2.1/AT25256 TC1796   - WIRING WITH ECU CONNECTOR  ,F34NTA20,110.00,20.00%,25.00%,30.00%,20.00%,20.00%,20.00%,30.00%,30.00%,20.00%,30.00%
EMS2.x TRW   - WIRING WITH ECU CONNECTORS  ,F34NTA23,399.00,20.00%,20.00%,20.00%,20.00%,20.00%,20.00%,20.00%,20.00%,20.00%,20.00%
ACTIVATION FOR F34NTA23 EMS2.x TRW  ,VXXNTA23,200.00,20.00%,20.00%,20.00%,20.00%,20.00%,20.00%,20.00%,20.00%,20.00%,20.00%
DSG DB15/25 ADAPTER : ,F34NTA24,30.00,20.00%,25.00%,30.00%,20.00%,20.00%,20.00%,30.00%,30.00%,20.00%,30.00%
BNP POSITIONING FRAME FOR NEW TRASDATA,K34DIMABNP,250.00,20.00%,25.00%,30.00%,20.00%,20.00%,20.00%,30.00%,30.00%,20.00%,30.00%
ADDITIONAL SET OF 4 STICKS WITH NEEDLE TIPS FOR BNP POS. FRAME  ,K34ACD_01,99.00,20.00%,25.00%,30.00%,20.00%,20.00%,20.00%,30.00%,30.00%,20.00%,30.00%
SPARE - OPTIONAL SET OF 4 NEEDLE TIPS FOR BNP STICKS,K34ACD_02,38.00,20.00%,25.00%,30.00%,20.00%,20.00%,20.00%,30.00%,30.00%,20.00%,30.00%
"SET OF 3 INSULATED MICRO CLAMPS 0.025"" FOR DIRECT CONNECTIONS TO CPUs",K34ACD013,100.00,20.00%,25.00%,30.00%,20.00%,20.00%,20.00%,30.00%,30.00%,20.00%,30.00%
"SET OF 10 INSULATED MICRO CLAMPS 0.025"" FOR DIRECT CONNECTIONS TO CPUs",C34ACD012,235.00,20.00%,25.00%,30.00%,20.00%,20.00%,20.00%,30.00%,30.00%,20.00%,30.00%
"METALLIC FRAME   FOR NEW TRASDATA MASTER/SLAVE, WITH SUPPORT BRACKET FOR THE TOOL  ",K34DIMA,310.00,20.00%,25.00%,30.00%,20.00%,20.00%,20.00%,30.00%,30.00%,20.00%,30.00%
SET OF MOST USED TERMINAL ADAPTERS FOR CAR/LCV   FOR METALLIC FRAME                                                                                                                                                              ,K34NTDIMAL06,1450.00,20.00%,25.00%,30.00%,20.00%,20.00%,20.00%,30.00%,30.00%,20.00%,30.00%
ABS HARD CASE FOR TERMINAL ADAPTERS  ,K34NTVAL02B,69.00,20.00%,25.00%,30.00%,20.00%,20.00%,20.00%,30.00%,30.00%,20.00%,30.00%
MOTOROLA MPC5xx   CPU SET OF TERMINAL ADAPTERS FOR CAR/LCV,K34DMTF001_2,350.00,20.00%,25.00%,30.00%,20.00%,20.00%,20.00%,30.00%,30.00%,20.00%,30.00%
BOSCH ME9/MED9/EDC16 - MOTOROLA MPC5xx CPU TERMINAL ADAPTER,F34DM002,70.00,20.00%,25.00%,30.00%,20.00%,20.00%,20.00%,30.00%,30.00%,20.00%,30.00%
DELPHI DCI - MOTOROLA MPC5xx CPU TERMINAL ADAPTER,F34DM001,70.00,20.00%,25.00%,30.00%,20.00%,20.00%,20.00%,30.00%,30.00%,20.00%,30.00%
DELPHI DCM - MOTOROLA MPC5xx CPU TERMINAL ADAPTER,F34DM009,70.00,20.00%,25.00%,30.00%,20.00%,20.00%,20.00%,30.00%,30.00%,20.00%,30.00%
"BASE BOARD FOR F34DM004  , F34DM005   AND F34DM008   TERMINAL ADAPTERS",F34DM003,70.00,20.00%,25.00%,30.00%,20.00%,20.00%,20.00%,30.00%,30.00%,20.00%,30.00%
SIEMENS - MOTOROLA MPC5xx CPU TERMINAL ADAPTER  ,F34DM004,70.00,20.00%,25.00%,30.00%,20.00%,20.00%,20.00%,30.00%,30.00%,20.00%,30.00%
MARELLI - MOTOROLA MPC5xx CPU TERMINAL ADAPTER  ,F34DM005,70.00,20.00%,25.00%,30.00%,20.00%,20.00%,20.00%,30.00%,30.00%,20.00%,30.00%
BOSCH EDC7   - MOTOROLA MPC5xx CPU TERMINAL AD.  ,F34DM008,70.00,20.00%,25.00%,30.00%,20.00%,20.00%,20.00%,30.00%,30.00%,20.00%,30.00%
INFINEON TRICORE   & ST MICROELECTRONICS   CPUS SET OF TERMINAL ADAPTERS,K34DMTF023_2,300.00,20.00%,25.00%,30.00%,20.00%,20.00%,20.00%,30.00%,30.00%,20.00%,30.00%
BOSCH ME7/MED7/M7 - ST10 CPU TERMINAL ADAPTER,F34DM010,70.00,20.00%,25.00%,30.00%,20.00%,20.00%,20.00%,30.00%,30.00%,20.00%,30.00%
BOSCH MED17/MEV17/EDC17 - INFINEON TRICORE CPU TERMINAL ADAPTER,F34DM011,90.00,20.00%,25.00%,30.00%,20.00%,20.00%,20.00%,30.00%,30.00%,20.00%,30.00%
CONTINENTAL SID208/SID209   - INFINEON TRICORE CPU TERMINAL ADAPTER,F34DM032,90.00,20.00%,25.00%,30.00%,20.00%,20.00%,20.00%,30.00%,30.00%,20.00%,30.00%
CONTINENTAL SID807 TC1797   - INFINEON TRICORE CPU TERMINAL ADAPTER,F34DM033,90.00,20.00%,25.00%,30.00%,20.00%,20.00%,20.00%,30.00%,30.00%,20.00%,30.00%
NEXUS MOTOROLA MPC55XX   CPU SET OF TERMINAL ADAPTERS,K34DMTF004_1,250.00,20.00%,25.00%,30.00%,20.00%,20.00%,20.00%,30.00%,30.00%,20.00%,30.00%
EFI - T6   - MOTOROLA MPC55xx CPU TERMINAL ADAPTER,F34DM022,70.00,20.00%,25.00%,30.00%,20.00%,20.00%,20.00%,30.00%,30.00%,20.00%,30.00%
CAMPI / LIE   - MOTOROLA MPC55xx CPU TERMINAL ADAPTER,F34DM039,90.00,20.00%,25.00%,30.00%,20.00%,20.00%,20.00%,30.00%,30.00%,20.00%,30.00%
MARELLI - NEXUS MOTOROLA MPC55xx CPU TERMINAL ADAPTER,F34DM012,70.00,20.00%,25.00%,30.00%,20.00%,20.00%,20.00%,30.00%,30.00%,20.00%,30.00%
DELPHI - NEXUS MOTOROLA MPC55xx/FREESCALE MPC56xx TERMINAL ADAPTER,F34DM013,70.00,20.00%,25.00%,30.00%,20.00%,20.00%,20.00%,30.00%,30.00%,20.00%,30.00%
RENESAS SH7050    CPU SET OF TERMINAL ADAPTERS,K34DMTF005_1,350.00,20.00%,25.00%,30.00%,20.00%,20.00%,20.00%,30.00%,30.00%,20.00%,30.00%
DENSO   - RENESAS SH705x CPU TERMINAL ADAPTERS ,K34DIMA010,90.00,20.00%,25.00%,30.00%,20.00%,20.00%,20.00%,30.00%,30.00%,20.00%,30.00%
DENSO   - RENESAS SH705x CPU TERMINAL ADAPTERS,K34DIMA011,130.00,20.00%,25.00%,30.00%,20.00%,20.00%,20.00%,30.00%,30.00%,20.00%,30.00%
BASE BOARD FOR F34DM037   AND F34DM038   TERMINAL ADAPTERS,F34DM036,80.00,20.00%,25.00%,30.00%,20.00%,20.00%,20.00%,30.00%,30.00%,20.00%,30.00%
RENESAS SH725xxx-36   TERMINAL ADAPTER  ,F34DM037,60.00,20.00%,25.00%,30.00%,20.00%,20.00%,20.00%,30.00%,30.00%,20.00%,30.00%
RENESAS SH725xxx-26   TERMINAL ADAPTER  ,F34DM038,60.00,20.00%,25.00%,30.00%,20.00%,20.00%,20.00%,30.00%,30.00%,20.00%,30.00%
DENSO TOYOTA - NEC NBD 20 PIN TERMINAL ADAPTER,F34DM023,70.00,20.00%,25.00%,30.00%,20.00%,20.00%,20.00%,30.00%,30.00%,20.00%,30.00%
DENSO TOYOTA - NEC NBD 26 PIN TERMINAL ADAPTER ,F34DM024,70.00,20.00%,25.00%,30.00%,20.00%,20.00%,20.00%,30.00%,30.00%,20.00%,30.00%
MARELLI - MPC56xx_SPC56x CPU TERMINAL ADAPTER ,F34DM025,90.00,20.00%,25.00%,30.00%,20.00%,20.00%,20.00%,30.00%,30.00%,20.00%,30.00%
DELPHI - NEXUS MOTOROLA MPC55xx/FREESCALE MPC56xx CPUs TERMINAL ADAPTER ,F34DM013,70.00,20.00%,25.00%,30.00%,20.00%,20.00%,20.00%,30.00%,30.00%,20.00%,30.00%
TRW -  EMS2.3 MPC5674F CPU TERMINAL ADAPTER ,F34DM027,70.00,20.00%,25.00%,30.00%,20.00%,20.00%,20.00%,30.00%,30.00%,20.00%,30.00%
DELPHI 01   ECUS - BOARD/STRIPS FOR SOLDERED CONNECTIONS,F34NTA03,40.00,20.00%,25.00%,30.00%,20.00%,20.00%,20.00%,30.00%,30.00%,20.00%,30.00%
DELPHI 02   ECUS - BOARD/STRIPS FOR SOLDERED CONNECTIONS,F34NTA09,30.00,20.00%,25.00%,30.00%,20.00%,20.00%,20.00%,30.00%,30.00%,20.00%,30.00%
DENSO   ECUs - BOARD/STRIPS FOR 20 PIN SOLDERED CONNECTIONS,F34NTA16,50.00,20.00%,25.00%,30.00%,20.00%,20.00%,20.00%,30.00%,30.00%,20.00%,30.00%
SPARE - 10 SOLDERING STRIPS FOR F34NTA16  ,F34NTA16-S1,35.00,20.00%,25.00%,30.00%,20.00%,20.00%,20.00%,30.00%,30.00%,20.00%,30.00%
DENSO   ECUS - BOARD/STRIPS FOR 26 PIN SOLDERED CONNECTIONS,F34NTA17,50.00,20.00%,25.00%,30.00%,20.00%,20.00%,20.00%,30.00%,30.00%,20.00%,30.00%
SPARE - 10 SOLDERING STRIPS FOR F34NTA17  ,F34NTA17-S1,40.00,20.00%,25.00%,30.00%,20.00%,20.00%,20.00%,30.00%,30.00%,20.00%,30.00%
"DENSO   BOARD + SOCKETS FOR SOLDERED CONN.0,5 MM",F34NTA21,60.00,20.00%,25.00%,30.00%,20.00%,20.00%,20.00%,30.00%,30.00%,20.00%,30.00%
SPARE - 10 SOCKETS FOR F34NTA21  ,F34NTA21-S1,35.00,20.00%,25.00%,30.00%,20.00%,20.00%,20.00%,30.00%,30.00%,20.00%,30.00%
EFI   ECUS - BOARD/STRIPS FOR FOR SOLDERED CONNECTIONS,F34NTA12,35.00,20.00%,25.00%,30.00%,20.00%,20.00%,20.00%,30.00%,30.00%,20.00%,30.00%
MOTOROLA MC68XXX CPU - BOARD/STRIPS FOR SOLDERED CONNECTIONS,F34NTA11,35.00,20.00%,25.00%,30.00%,20.00%,20.00%,20.00%,30.00%,30.00%,20.00%,30.00%
RENESAS   CPUs - BOARD FOR SOLDERED CONNECTIONS,F34NTA13,60.00,20.00%,25.00%,30.00%,20.00%,20.00%,20.00%,30.00%,30.00%,20.00%,30.00%
SIEMENS SIDxxx-BOSCH EDC7 ECUs - BOARD/STRIPS FOR SOLDERED CONNECTIONS,F34NTA06,40.00,20.00%,25.00%,30.00%,20.00%,20.00%,20.00%,30.00%,30.00%,20.00%,30.00%
SPARE - 10 SETS OF STRIPS   FOR F34NTA06  ,F34NTA06-S1,40.00,20.00%,25.00%,30.00%,20.00%,20.00%,20.00%,30.00%,30.00%,20.00%,30.00%
TRW      BOARD/STRIPS FOR SOLDERED CONNECTIONS  ,F34NTA05,45.00,20.00%,25.00%,30.00%,20.00%,20.00%,20.00%,30.00%,30.00%,20.00%,30.00%
SPARE - 10 SOLDERING STRIPS FOR F34NTA05  ,F34NTA05-S1,38.00,20.00%,25.00%,30.00%,20.00%,20.00%,20.00%,30.00%,30.00%,20.00%,30.00%
SPARE - 10 SOLDERING STRIPS FOR F34NTA10  ,F34NTA10-S1,55.00,20.00%,25.00%,30.00%,20.00%,20.00%,20.00%,30.00%,30.00%,20.00%,30.00%
SOLDERING BOARDS FOR NEW TRASDATA F34NTA03 / F34NTA06 / F34NTA09 / F34NTA11 / F34NTA12 / AF3401001 / MCONN-IDCPF10000V0,K34NT-S5,60.00,20.00%,25.00%,30.00%,20.00%,20.00%,20.00%,30.00%,30.00%,20.00%,30.00%
"SPARE - COMPLETE CONNECTING KIT OF FLAT CABLES, SOLDERING BOARDS AND STRIPS FOR NEW TRASDATA",K34NT-S3,220.00,20.00%,25.00%,30.00%,20.00%,20.00%,20.00%,30.00%,30.00%,20.00%,30.00%
"SPARE - REDUCED CONNECTING KIT OF FLAT CABLES, SOLDERING BOARDS AND STRIPS FOR NEW TRASDATA",K34NT-S4,130.00,20.00%,25.00%,30.00%,20.00%,20.00%,20.00%,30.00%,30.00%,20.00%,30.00%
SPARE - FLAT CABLES KIT FOR NEW TRASDATA,K34NT-S6,80.00,20.00%,25.00%,30.00%,20.00%,20.00%,20.00%,30.00%,30.00%,20.00%,30.00%
"SPARE - GPT/CAN OPERATIONS, D-SUB15 CABLE  ",F32GN038,20.00,20.00%,25.00%,30.00%,20.00%,20.00%,20.00%,30.00%,30.00%,20.00%,30.00%
"SPARE - GPT/CAN OPERATIONS  , COLORED FLAT CABLE WITH PIGTAIL WIRES",F34NTA15-B,20.00,20.00%,25.00%,30.00%,20.00%,20.00%,20.00%,30.00%,30.00%,20.00%,30.00%
SPARE - OBDII   CONNECTOR FOR NEW TRASDATA,F34NTA14,30.00,20.00%,25.00%,30.00%,20.00%,20.00%,20.00%,30.00%,30.00%,20.00%,30.00%
SPARE - SIMOS18 /PCR2.1 ECUS SSM CONNECTIONS FLAT CABLE  ,F34NTA18-B,20.00,20.00%,25.00%,30.00%,20.00%,20.00%,20.00%,30.00%,30.00%,20.00%,30.00%
SPARE - 10 SOLDERING TERMINAL STRIPS + 2 MALE-MALE CONNECTING STRIPS 2.54'  ,AF3401001,9.00,20.00%,25.00%,30.00%,20.00%,20.00%,20.00%,30.00%,30.00%,20.00%,30.00%
SPARE - 15 PINS WITH INTERNAL SPRING FOR METALLIC FRAME ADAPTERS,F34NTS15-S1,50.00,20.00%,25.00%,30.00%,20.00%,20.00%,20.00%,30.00%,30.00%,20.00%,30.00%
SOFTEST EVO LAMBDA   ANALYZER  ,F32SOFTEST02,320.00,0.00%,0.00%,0.00%,0.00%,0.00%,0.00%,0.00%,0.00%,0.00%,0.00%
LSU4.9 BOSCH WIDE BAND LAMBDA PROBE,C27SONDA2,80.00,0.00%,0.00%,0.00%,0.00%,0.00%,0.00%,0.00%,0.00%,0.00%,0.00%
PAQUETE DE 10 ARCHIVOS FLASH,AFP10U,1000.00,0.00%,0.00%,0.00%,0.00%,0.00%,20.00%,0.00%,0.00%,25.00%,
PAQUETE DE 15 ARCHIVOS FLASH POINT AUTO,AFP15U,1500.00,0.00%,0.00%,0.00%,0.00%,0.00%,20.00%,0.00%,0.00%,25.00%,
ARCHIVO FLASH AFP1U,AFP1U,150.00,0.00%,0.00%,0.00%,0.00%,0.00%,20.00%,0.00%,0.00%,25.00%,
PAQUETE DE 5 ARCHIVOS FLASH,AFP5U,600.00,0.00%,0.00%,0.00%,0.00%,0.00%,20.00%,0.00%,0.00%,25.00%,
PAQUETE 10 ARCHIVOS FLASH POINT INDUSTRIAL,AFPI10U,2000.00,0.00%,0.00%,0.00%,0.00%,0.00%,20.00%,0.00%,0.00%,25.00%,
ARCHIVO FLASH POINT INDUSTRIAL,AFPI1U,300.00,0.00%,0.00%,0.00%,0.00%,0.00%,20.00%,0.00%,0.00%,25.00%,
ARCHIVO FLASHPOINT INDUSTRIAL DOBLE,AFPI1UD,300.00,0.00%,0.00%,0.00%,0.00%,0.00%,20.00%,0.00%,0.00%,25.00%,
PAQUETE 5 ARCHIVOS FLASH POINT INDUSTRIAl,AFPI5U,1250.00,0.00%,0.00%,0.00%,0.00%,0.00%,20.00%,0.00%,0.00%,25.00%,
Activación a Master,ANGMD,150.00,0.00%,0.00%,0.00%,0.00%,NO APLICA a estos clientes,NO APLICA a estos clientes,NO APLICA a estos clientes,NO APLICA a estos clientes,NO APLICA a estos clientes,NO APLICA a estos clientes
Activación a Master,ANTMD,150.00,0.00%,0.00%,0.00%,0.00%,NO APLICA a estos clientes,NO APLICA a estos clientes,NO APLICA a estos clientes,NO APLICA a estos clientes,NO APLICA a estos clientes,NO APLICA a estos clientes
Activación a Slave,ANGSD,120.00,0.00%,0.00%,0.00%,0.00%,NO APLICA a estos clientes,NO APLICA a estos clientes,NO APLICA a estos clientes,NO APLICA a estos clientes,NO APLICA a estos clientes,NO APLICA a estos clientes
Activación a Slave,ANTSD,120.00,0.00%,0.00%,0.00%,0.00%,NO APLICA a estos clientes,NO APLICA a estos clientes,NO APLICA a estos clientes,NO APLICA a estos clientes,NO APLICA a estos clientes,NO APLICA a estos clientes
1000 CRÉDITOS PARA SETTING FILES Y OPTIONS,V03CR003,1000.00,0.00%,0.00%,0.00%,0.00%,0.00%,0.00%,0.00%,0.00%,0.00%,0.00%
2000 CRÉDITOS PARA SETTING FILES Y OPTIONS,V03CR004,2000.00,0.00%,0.00%,0.00%,0.00%,0.00%,0.00%,0.00%,0.00%,0.00%,0.00%
Upgrade New Genius slave MOTO/AUTO/LCV ,AV323NFPG-UP-B,3490.00,30.00%,0.00%,0.00%,30.00%,0.00%,20.00%,0.00%,0.00%,30.00%,30.00%
Upgrade New Genius slave TRUCK/LCV,AV324NFPG-UP-B,4490.00,30.00%,0.00%,0.00%,30.00%,0.00%,20.00%,0.00%,0.00%,30.00%,30.00%
Upgrade New Genius slave MOTO ,AV325NFPG-UP-B,1990.00,30.00%,0.00%,0.00%,30.00%,0.00%,20.00%,0.00%,0.00%,30.00%,30.00%
Upgrade New Genius slave TRACTOR,AV326NFPG-UP-B,4490.00,30.00%,0.00%,0.00%,30.00%,0.00%,20.00%,0.00%,0.00%,30.00%,30.00%
Upgrade New Genius slave MARINE,AV327NFPG-UP-B,3490.00,30.00%,0.00%,0.00%,30.00%,0.00%,20.00%,0.00%,0.00%,30.00%,30.00%
Upgrade New Genius slave MULTICATEGORIA,AV32XNFPG-UP-B,5990.00,30.00%,0.00%,0.00%,30.00%,0.00%,20.00%,0.00%,0.00%,30.00%,30.00%
Upgrade New Trasdata slave,AV34NTS-UP-B,2800.00,30.00%,0.00%,0.00%,30.00%,0.00%,20.00%,0.00%,0.00%,30.00%,30.00%
Cable NEW TRASDATA para centralitas EMS2.x,F34NTA23,399.00,20.00%,20.00%,20.00%,20.00%,20.00%,20.00%,20.00%,20.00%,20.00%,20.00%
Software activación cable F34NTA23,VXXNTA23,200.00,20.00%,20.00%,20.00%,20.00%,20.00%,20.00%,20.00%,20.00%,20.00%,20.00%
NG MASTER puesta al día categoría AUTO/LCV/BIKE,AV3200000C ,500.00,30.00%,0.00%,0.00%,10.00%,0.00%,20.00%,0.00%,0.00%,20.00%,30.00%
NG MASTER puesta al día categoría TRACTOR,AV3200000A ,500.00,30.00%,0.00%,0.00%,10.00%,0.00%,20.00%,0.00%,0.00%,20.00%,30.00%
NG MASTER puesta al día categoíra CAMIÓN,AV3200000T,500.00,30.00%,0.00%,0.00%,10.00%,0.00%,20.00%,0.00%,0.00%,20.00%,30.00%
NG MASTER puesta al día MÚLTIPLE CATEGORIA,AV3200000X,750.00,30.00%,0.00%,0.00%,10.00%,0.00%,20.00%,0.00%,0.00%,20.00%,30.00%
NT MASTER puesta al día,AV3400000,300.00,30.00%,0.00%,0.00%,10.00%,0.00%,20.00%,0.00%,0.00%,20.00%,30.00%
NG SLAVE puesta al día categoría AUTO/LCV/BIKE,AV9900000C   ,300.00,30.00%,40.00%,30.00%,10.00%,20.00%,20.00%,30.00%,30.00%,25.00%,30.00%
NG SLAVE puesta al día categoría TRACTOR,AV9900000A ,300.00,30.00%,40.00%,30.00%,10.00%,20.00%,20.00%,30.00%,30.00%,25.00%,30.00%
NG SLAVE puesta al día categoría CAMIÓN,AV9900000T ,300.00,30.00%,40.00%,30.00%,10.00%,20.00%,20.00%,30.00%,30.00%,25.00%,30.00%
NG SLAVE puesta al día MÚLTIPLE CATEGORÍA,AV9900000X  ,500.00,30.00%,40.00%,30.00%,10.00%,20.00%,20.00%,30.00%,30.00%,25.00%,30.00%
NT SLAVE puesta al día ,AV99NT-AZ01,200.00,30.00%,40.00%,30.00%,10.00%,20.00%,20.00%,30.00%,30.00%,25.00%,30.00%
